{
  "nodes": [
    { "id": "ARG", "group": 1 },
    { "id": "AUT", "group": 2 },
    { "id": "BEL", "group": 3 },
    { "id": "BGR", "group": 4 },
    { "id": "BRA", "group": 5 },
    { "id": "CHE", "group": 6 },
    { "id": "CHL", "group": 7 },
    { "id": "CMR", "group": 8 },
    { "id": "COL", "group": 9 },
    { "id": "DEU", "group": 10 },
    { "id": "DNK", "group": 11 },
    { "id": "ESP", "group": 12 },
    { "id": "FRA", "group": 13 },
    { "id": "GBR", "group": 14 },
    { "id": "GRE", "group": 15 },
    { "id": "HRV", "group": 16 },
    { "id": "IRN", "group": 17 },
    { "id": "ITA", "group": 18 },
    { "id": "JAM", "group": 19 },
    { "id": "JPN", "group": 20 },
    { "id": "KOR", "group": 21 },
    { "id": "MAR", "group": 22 },
    { "id": "MEX", "group": 23 },
    { "id": "NGA", "group": 24 },
    { "id": "NLD", "group": 25 },
    { "id": "NOR", "group": 26 },
    { "id": "PRT", "group": 27 },
    { "id": "PRY", "group": 28 },
    { "id": "ROM", "group": 29 },
    { "id": "SCO", "group": 30 },
    { "id": "TUN", "group": 31 },
    { "id": "TUR", "group": 32 },
    { "id": "USA", "group": 33 },
    { "id": "YUG", "group": 34 },
    { "id": "ZAF", "group": 35 }
  ],
  "links": [
    { "source": "ARG", "target": "ESP", "value": 4 },
    { "source": "ARG", "target": "ITA", "value": 9 },
    { "source": "AUT", "target": "DEU", "value": 7 },
    { "source": "AUT", "target": "ESP", "value": 1 },
    { "source": "BEL", "target": "DEU", "value": 2 },
    { "source": "BGR", "target": "DEU", "value": 4 },
    { "source": "BRA", "target": "ESP", "value": 4 },
    { "source": "CHL", "target": "ARG", "value": 1 },
    { "source": "CHE", "target": "FRA", "value": 3 },
    { "source": "CHE", "target": "ITA", "value": 2 },
    { "source": "DEU", "target": "PRT", "value": 5 },
    { "source": "GBR", "target": "FRA", "value": 6 },
    { "source": "HRV", "target": "ITA", "value": 3 },
    { "source": "IRN", "target": "TUR", "value": 2 },
    { "source": "MEX", "target": "USA", "value": 8 },
    { "source": "NGA", "target": "BRA", "value": 4 },
    { "source": "NLD", "target": "DEU", "value": 5 },
    { "source": "PRT", "target": "GBR", "value": 3 },
    { "source": "ROM", "target": "CHE", "value": 1 },
    { "source": "SCO", "target": "PRY", "value": 2 },
    { "source": "TUN", "target": "NGA", "value": 1 },
    { "source": "TUR", "target": "ZAF", "value": 4 },
    { "source": "USA", "target": "KOR", "value": 7 },
    { "source": "YUG", "target": "ESP", "value": 2 },
    { "source": "ZAF", "target": "MAR", "value": 3 }
  ]
}
